[{"Pressed": "Key.shift"}, {"Held": "Key.shift"}, {"Held": "'N'"}, {"Released": "Key.shift"}, {"Released": "'n'"}, {"Pressed": "'a'"}, {"Held": "'a'"}, {"Released": "'a'"}, {"Pressed": "'a'"}, {"Held": "'a'"}, {"Released": "'a'"}, {"Pressed": "'n'"}, {"Held": "'n'"}, {"Released": "'n'"}, {"Pressed": "Key.right"}, {"Held": "Key.right"}, {"Released": "Key.right"}, {"Pressed": "Key.enter"}, {"Held": "Key.enter"}, {"Released": "Key.enter"}, {"Pressed": "Key.shift"}, {"Held": "Key.shift"}, {"Held": "'S'"}, {"Released": "Key.shift"}, {"Released": "'s'"}, {"Pressed": "'k'"}, {"Held": "'k'"}, {"Released": "'k'"}, {"Pressed": "'i'"}, {"Held": "'i'"}, {"Released": "'i'"}, {"Pressed": "'l'"}, {"Held": "'l'"}, {"Released": "'l'"}, {"Pressed": "'l'"}, {"Held": "'l'"}, {"Released": "'l'"}, {"Pressed": "'s'"}, {"Held": "'s'"}, {"Released": "'s'"}, {"Pressed": "'b'"}, {"Held": "'b'"}, {"Released": "'b'"}, {"Pressed": "'u'"}, {"Held": "'u'"}, {"Released": "'u'"}, {"Pressed": "'i'"}, {"Held": "'i'"}, {"Released": "'i'"}, {"Pressed": "'l'"}, {"Held": "'l'"}, {"Released": "'l'"}, {"Pressed": "'d'"}, {"Held": "'d'"}, {"Released": "'d'"}, {"Pressed": "Key.enter"}, {"Held": "Key.enter"}, {"Released": "Key.enter"}, {"Pressed": "Key.shift"}, {"Held": "Key.shift"}, {"Released": "Key.shift"}, {"Pressed": "Key.shift"}, {"Held": "Key.shift"}, {"Held": "'I'"}, {"Released": "'I'"}, {"Pressed": "'B'"}, {"Held": "'B'"}, {"Released": "'B'"}, {"Pressed": "'M'"}, {"Held": "'M'"}, {"Released": "'M'"}, {"Released": "Key.shift"}, {"Pressed": "Key.enter"}, {"Held": "Key.enter"}, {"Released": "Key.enter"}, {"Pressed": "Key.backspace"}, {"Held": "Key.backspace"}, {"Released": "Key.backspace"}, {"Pressed": "Key.backspace"}, {"Held": "Key.backspace"}, {"Released": "Key.backspace"}, {"Pressed": "Key.backspace"}, {"Held": "Key.backspace"}, {"Released": "Key.backspace"}, {"Pressed": "'y'"}, {"Held": "'y'"}, {"Released": "'y'"}, {"Pressed": "Key.backspace"}, {"Held": "Key.backspace"}, {"Released": "Key.backspace"}, {"Pressed": "'g'"}, {"Held": "'g'"}, {"Released": "'g'"}, {"Pressed": "'m'"}, {"Held": "'m'"}, {"Released": "'m'"}, {"Pressed": "'a'"}, {"Held": "'a'"}, {"Released": "'a'"}, {"Pressed": "'i'"}, {"Held": "'i'"}, {"Released": "'i'"}, {"Pressed": "'l'"}, {"Held": "'l'"}, {"Released": "'l'"}, {"Pressed": "Key.enter"}, {"Held": "Key.enter"}, {"Released": "Key.enter"}]